date,open,high,low,close,volume,adj_close
2020-01-02,158.78,160.73,158.33,160.62,22634546,160.62
2020-01-03,158.32,159.94,158.06,158.62,21121681,158.62
2020-01-06,157.08,159.1,156.51,159.03,20826702,159.03
2020-01-07,159.32,159.67,157.32,157.58,21881740,157.58
2020-01-08,158.93,160.8,157.95,160.09,27762026,160.09
2020-01-09,161.84,162.22,161.03,162.09,21399951,162.09
2020-01-10,162.82,163.22,161.18,161.34,20733946,161.34
2020-01-13,161.76,163.31,161.26,163.28,21637007,163.28
2020-01-14,163.39,163.6,161.72,162.13,23500783,162.13
2020-01-15,162.62,163.94,162.57,163.18,21417871,163.18
2020-01-16,164.35,166.24,164.03,166.17,23865360,166.17
2020-01-17,167.42,167.47,165.43,167.1,34371659,167.1
2020-01-21,166.68,168.19,166.43,166.5,29517191,166.5
2020-01-22,167.4,167.49,165.68,165.7,24138777,165.7
2020-01-23,166.19,166.8,165.27,166.72,19680766,166.72
2020-01-24,167.51,167.53,164.45,165.04,24918117,165.04
2020-01-27,161.15,163.38,160.2,162.28,32078067,162.28
2020-01-28,163.78,165.76,163.07,165.46,24899940,165.46
2020-01-29,167.84,168.75,165.69,168.04,35127771,168.04
2020-01-30,174.05,174.05,170.79,172.78,51597470,172.78
2020-01-31,172.21,172.4,169.58,170.23,36142690,170.23
2020-02-03,170.43,174.5,170.4,174.38,30149052,174.38
2020-02-04,177.14,180.64,176.31,180.12,36433339,180.12
2020-02-05,184.03,184.2,178.41,179.9,39186324,179.9
2020-02-06,180.97,183.82,180.06,183.63,27751381,183.63
2020-02-07,182.85,185.63,182.48,183.89,33529074,183.89
2020-02-10,183.58,188.84,183.25,188.7,35844267,188.7
2020-02-11,190.65,190.7,183.5,184.44,53159906,184.44
2020-02-12,185.58,185.84,181.85,184.71,47062921,184.71
2020-02-13,183.08,186.23,182.87,183.71,35295834,183.71
2020-02-14,183.25,185.41,182.65,185.35,23149516,185.35
2020-02-18,185.61,187.7,185.5,187.23,27853113,187.23
2020-02-19,188.06,188.18,186.47,187.28,29997471,187.28
2020-02-20,186.95,187.25,181.1,184.42,36862376,184.42
2020-02-21,183.17,183.5,177.25,178.59,48600385,178.59
2020-02-24,167.77,174.55,163.23,170.89,68311066,170.89
2020-02-25,174.2,174.84,167.65,168.07,68073295,168.07
2020-02-26,169.71,173.26,168.21,170.17,56387148,170.17
2020-02-27,163.32,167.03,157.98,158.18,93174906,158.18
2020-02-28,152.41,163.71,152.0,162.01,97073557,162.01
2020-03-02,165.31,172.92,162.31,172.79,71030810,172.79
2020-03-03,173.8,175.0,162.26,164.51,71677019,164.51
2020-03-04,168.49,170.7,165.62,170.55,49814383,170.55
2020-03-05,166.05,170.87,165.69,166.27,47817251,166.27
2020-03-06,162.61,163.11,156.0,161.57,72821057,161.57
2020-03-09,151.0,157.75,150.0,150.62,70419274,150.62
2020-03-10,158.16,161.03,152.58,160.92,65354385,160.92
2020-03-11,157.13,157.7,151.15,153.63,56504304,153.63
2020-03-12,145.3,153.47,138.58,139.06,93226366,139.06
2020-03-13,147.5,161.91,140.73,158.83,92727446,158.83
2020-03-16,140.0,149.35,135.0,135.42,87905868,135.42
2020-03-17,140.0,147.5,135.0,146.57,81059817,146.57
2020-03-18,138.0,146.0,135.02,140.4,81593173,140.4
2020-03-19,142.77,150.15,139.0,142.71,85922661,142.71
2020-03-20,146.0,147.1,135.86,137.35,84866215,137.35
2020-03-23,137.01,140.57,132.52,135.98,78975176,135.98
2020-03-24,143.75,149.6,141.27,148.34,82516727,148.34
2020-03-25,148.91,154.33,144.44,146.92,75638224,146.92
2020-03-26,148.4,156.66,148.37,156.11,64694427,156.11
2020-03-27,151.75,154.89,149.2,149.7,57042291,149.7
2020-03-30,152.44,160.6,150.01,160.23,63420326,160.23
2020-03-31,159.4,164.78,156.56,157.71,77927186,157.71
2020-04-01,153.0,157.75,150.82,152.11,57969926,152.11
2020-04-02,151.86,155.48,150.36,155.26,49630735,155.26
2020-04-03,155.1,157.38,152.19,153.83,41243284,153.83
2020-04-06,160.32,166.5,157.58,165.27,67111697,165.27
2020-04-07,169.59,170.0,163.26,163.49,62769038,163.49
2020-04-08,165.67,166.67,163.5,165.13,48318234,165.13
2020-04-09,166.36,167.37,163.33,165.14,51431775,165.14
2020-04-13,164.35,165.57,162.3,165.51,41905264,165.51
2020-04-14,169.0,173.75,168.0,173.7,52874338,173.7
2020-04-15,171.2,173.57,169.24,171.88,40940833,171.88
2020-04-16,174.3,177.28,172.9,177.04,50479610,177.04
2020-04-17,179.5,180.0,175.87,178.6,52765625,178.6
2020-04-20,176.63,178.75,174.99,175.06,36669595,175.06
2020-04-21,173.5,173.67,166.11,167.82,56203749,167.82
2020-04-22,171.39,174.0,170.82,173.52,34651604,173.52
2020-04-23,174.11,175.06,170.91,171.42,32790804,171.42
2020-04-24,172.06,174.56,170.71,174.55,34305320,174.55
2020-04-27,176.59,176.9,173.3,174.05,33194384,174.05
2020-04-28,175.59,175.67,169.39,169.81,34392694,169.81
2020-04-29,173.22,177.68,171.88,177.43,51286559,177.43
2020-04-30,180.0,180.4,176.23,179.21,53875857,179.21
2020-05-01,175.8,178.64,174.01,174.57,39370474,174.57
2020-05-04,174.49,179.0,173.8,178.84,30372862,178.84
2020-05-05,180.62,183.65,179.9,180.76,36839168,180.76
2020-05-06,182.08,184.2,181.63,182.54,32139299,182.54
2020-05-07,184.17,184.55,182.58,183.6,28315992,183.6
2020-05-08,184.98,185.0,183.36,184.68,30912638,184.68
2020-05-11,183.15,187.51,182.85,186.74,30892660,186.74
2020-05-12,186.8,187.04,182.3,182.51,32038199,182.51
2020-05-13,182.55,184.05,176.54,179.75,44711488,179.75
2020-05-14,177.54,180.69,175.68,180.53,41873911,180.53
2020-05-15,179.06,187.06,177.0,183.16,46610382,183.16
2020-05-18,185.75,186.2,183.96,184.91,35306620,184.91
2020-05-19,185.03,186.6,183.49,183.63,26799116,183.63
2020-05-20,184.81,185.85,183.94,185.66,31261334,185.66
2020-05-21,185.4,186.67,183.29,183.43,29119513,183.43
2020-05-22,183.19,184.46,182.54,183.51,20826898,183.51
2020-05-26,186.34,186.5,181.1,181.57,36073609,181.57
2020-05-27,180.2,181.99,176.6,181.81,39517146,181.81
2020-05-28,180.74,184.15,180.38,181.4,33831824,181.4
2020-05-29,182.73,184.27,180.41,183.25,42146720,183.25
2020-06-01,182.54,183.0,181.46,182.83,22668821,182.83
2020-06-02,184.25,185.0,181.35,184.91,30794585,184.91
2020-06-03,184.82,185.94,183.58,185.36,27311016,185.36
2020-06-04,184.3,185.84,182.3,182.92,28761809,182.92
2020-06-05,182.62,187.73,182.01,187.2,39893643,187.2
2020-06-08,185.94,188.55,184.44,188.36,33211590,188.36
2020-06-09,188.0,190.7,187.26,189.8,29783916,189.8
2020-06-10,191.13,198.52,191.01,196.84,43872329,196.84
2020-06-11,193.13,195.76,186.07,186.27,52854672,186.27
2020-06-12,190.54,191.72,185.18,187.74,43373587,187.74
2020-06-15,184.58,190.82,184.01,188.94,32770189,188.94
2020-06-16,192.89,195.58,191.46,193.57,42556656,193.57
2020-06-17,195.03,196.32,193.69,194.24,25687822,194.24
2020-06-18,194.0,196.49,194.0,196.32,23061648,196.32
2020-06-19,198.59,199.29,194.37,195.15,44441141,195.15
2020-06-22,195.79,200.76,195.23,200.57,32818929,200.57
2020-06-23,202.09,203.95,201.43,201.91,30917447,201.91
2020-06-24,201.6,203.25,196.56,197.84,36740647,197.84
2020-06-25,197.8,200.61,195.47,200.34,27803933,200.34
2020-06-26,199.73,199.89,194.88,196.33,54675780,196.33
2020-06-29,195.78,198.53,193.55,198.44,26701586,198.44
2020-06-30,197.88,204.4,197.74,203.51,34310283,203.51
2020-07-01,203.14,206.35,201.77,204.7,32061206,204.7
2020-07-02,205.68,208.02,205.0,206.26,29315762,206.26
2020-07-06,208.83,211.13,208.09,210.7,31897629,210.7
2020-07-07,210.45,214.67,207.99,208.25,33600732,208.25
2020-07-08,210.07,213.26,208.69,212.83,33600025,212.83
2020-07-09,216.33,216.38,211.47,214.32,33121681,214.32
2020-07-10,213.62,214.08,211.08,213.67,26177633,213.67
2020-07-13,214.48,215.8,206.5,207.07,38135606,207.07
2020-07-14,206.13,208.85,202.03,208.35,37591820,208.35
2020-07-15,209.56,211.33,205.03,208.04,32179409,208.04
2020-07-16,205.4,205.7,202.31,203.92,29940653,203.92
2020-07-17,204.47,205.04,201.39,202.88,31635281,202.88
2020-07-20,205.0,212.3,203.01,211.6,36884836,211.6
2020-07-21,213.66,213.94,208.03,208.75,38105777,208.75
2020-07-22,209.2,212.3,208.39,211.75,49605692,211.75
2020-07-23,207.19,210.92,202.15,202.54,67457035,202.54
2020-07-24,200.42,202.86,197.51,201.3,39826989,201.3
2020-07-27,201.47,203.97,200.86,203.85,30160867,203.85
2020-07-28,203.61,204.7,201.74,202.02,23251388,202.02
2020-07-29,202.5,204.65,202.01,204.06,19632602,204.06
2020-07-30,201.0,204.46,199.57,203.9,25079596,203.9
2020-07-31,204.4,205.1,199.01,205.01,51247969,205.01
2020-08-03,211.52,217.64,210.44,216.54,78983009,216.54
2020-08-04,214.17,214.77,210.31,213.29,49280056,213.29
2020-08-05,214.9,215.0,211.57,212.94,28858621,212.94
2020-08-06,212.34,216.37,211.55,216.35,32656843,216.35
2020-08-07,214.85,215.7,210.93,212.48,27820421,212.48
2020-08-10,211.67,211.88,206.35,208.25,36716462,208.25
2020-08-11,207.16,207.65,203.14,203.38,36446459,203.38
2020-08-12,205.29,210.28,204.75,209.19,28041364,209.19
2020-08-13,209.44,211.35,208.15,208.7,22588870,208.7
2020-08-14,208.76,209.59,207.51,208.9,17958936,208.9
2020-08-17,209.6,211.19,208.92,210.28,20184757,210.28
2020-08-18,210.53,212.36,209.21,211.49,21336167,211.49
2020-08-19,211.49,212.1,209.25,209.7,27627561,209.7
2020-08-20,209.54,215.0,208.91,214.58,26981478,214.58
2020-08-21,213.86,216.25,212.85,213.02,36249319,213.02
2020-08-24,214.79,215.52,212.43,213.69,25460147,213.69
2020-08-25,213.1,216.61,213.1,216.47,23043696,216.47
2020-08-26,217.88,222.09,217.36,221.15,39600828,221.15
2020-08-27,222.89,231.15,219.4,226.58,57602195,226.58
2020-08-28,228.18,230.64,226.58,228.91,26292896,228.91
2020-08-31,227.0,228.7,224.31,225.53,28774156,225.53
2020-09-01,225.51,227.45,224.43,227.27,25791235,227.27
2020-09-02,227.97,232.86,227.35,231.65,34080839,231.65
2020-09-03,229.27,229.31,214.96,217.3,58400288,217.3
2020-09-04,215.1,218.36,205.19,214.25,59664072,214.25
2020-09-08,206.5,210.03,202.2,202.66,52924330,202.66
2020-09-09,207.6,214.84,206.7,211.29,45678986,211.29
2020-09-10,213.4,214.74,204.11,205.37,35461514,205.37
2020-09-11,207.2,208.63,201.24,204.03,33620073,204.03
2020-09-14,204.24,209.2,204.03,205.41,30375768,205.41
2020-09-15,208.42,209.78,206.93,208.78,21823942,208.78
2020-09-16,210.62,210.65,204.64,205.05,26372464,205.05
2020-09-17,200.05,204.33,199.96,202.91,34011257,202.91
2020-09-18,202.8,203.65,196.25,200.39,55225326,200.39
2020-09-21,197.19,202.71,196.38,202.54,39839657,202.54
2020-09-22,205.06,208.1,202.08,207.42,33517065,207.42
2020-09-23,207.9,208.1,200.03,200.59,30803780,200.59
2020-09-24,199.85,205.57,199.2,203.19,31202493,203.19
2020-09-25,203.55,209.04,202.54,207.82,29437312,207.82
2020-09-28,210.88,212.57,208.06,209.44,32004936,209.44
2020-09-29,209.35,210.07,206.81,207.26,24464472,207.26
2020-09-30,207.73,211.98,206.54,210.33,33829088,210.33
2020-10-01,213.49,213.99,211.32,212.46,27158418,212.46
2020-10-02,208.0,210.99,205.54,206.19,33154781,206.19
2020-10-05,207.22,210.41,206.98,210.38,21331561,210.38
2020-10-06,208.82,210.18,204.82,205.91,28554261,205.91
2020-10-07,207.06,210.11,206.72,209.83,25681054,209.83
2020-10-08,210.51,211.19,208.32,210.58,19925837,210.58
2020-10-09,211.23,215.86,211.23,215.81,26458047,215.81
2020-10-12,218.79,223.86,216.81,221.4,40461368,221.4
2020-10-13,222.72,225.21,220.43,222.86,28950843,222.86
2020-10-14,223.0,224.22,219.13,220.86,23451713,220.86
2020-10-15,217.1,220.36,216.01,219.66,22733064,219.66
2020-10-16,220.15,222.29,219.32,219.66,26057882,219.66
2020-10-19,220.42,222.3,213.72,214.22,27625841,214.22
2020-10-20,215.8,217.37,213.09,214.65,22753511,214.65
2020-10-21,213.12,216.92,213.12,214.8,22724906,214.8
2020-10-22,213.93,216.06,211.7,214.89,22351450,214.89
2020-10-23,215.03,216.28,213.16,216.23,18879608,216.23
2020-10-26,213.85,216.34,208.1,210.08,37111561,210.08
2020-10-27,211.59,214.67,210.33,213.25,36700325,213.25
2020-10-28,207.67,208.84,202.1,202.68,51195593,202.68
2020-10-29,204.07,207.36,203.37,204.72,31432563,204.72
2020-10-30,203.5,204.29,199.62,202.47,36980111,202.47
2020-11-02,204.29,205.28,200.12,202.33,30842163,202.33
2020-11-03,203.89,208.12,203.12,206.43,27512030,206.43
2020-11-04,214.02,218.32,212.42,216.39,42311777,216.39
2020-11-05,222.04,224.12,221.15,223.29,36080137,223.29
2020-11-06,222.26,224.36,218.03,223.72,25231895,223.72
2020-11-09,224.44,228.12,217.88,218.39,44394950,218.39
2020-11-10,214.5,216.5,209.72,211.01,44045120,211.01
2020-11-11,212.39,218.04,212.2,216.55,29440788,216.55
2020-11-12,217.21,219.11,214.46,215.44,21616115,215.44
2020-11-13,216.36,217.42,214.16,216.51,18630307,216.51
2020-11-16,214.87,217.74,214.52,217.23,24953344,217.23
2020-11-17,216.1,217.68,214.08,214.46,24154112,214.46
2020-11-18,213.65,215.17,210.93,211.08,28372789,211.08
2020-11-19,211.38,213.03,209.93,212.42,24792746,212.42
2020-11-20,212.2,213.29,210.0,210.39,22843119,210.39
2020-11-23,210.95,212.29,208.16,210.11,25683507,210.11
2020-11-24,209.59,214.25,208.86,213.86,33979731,213.86
2020-11-25,215.11,215.29,212.46,213.87,21012887,213.87
2020-11-27,214.85,216.27,214.04,215.23,14512213,215.23
2020-11-30,214.1,214.76,210.84,214.07,33064753,214.07
2020-12-01,214.51,217.32,213.35,216.21,30931318,216.21
2020-12-02,214.88,215.47,212.8,215.37,23724509,215.37
2020-12-03,214.61,216.38,213.65,214.24,25120922,214.24
2020-12-04,214.22,215.38,213.18,214.36,24666039,214.36
2020-12-07,214.37,215.54,212.99,214.29,24619997,214.29
2020-12-08,213.97,216.95,212.89,216.01,23284094,216.01
2020-12-09,215.16,215.23,211.21,211.8,32440603,211.8
2020-12-10,211.77,213.08,210.36,210.52,26467017,210.52
2020-12-11,210.05,213.32,209.11,213.26,30979440,213.26
2020-12-14,213.1,216.21,212.88,214.2,28798379,214.2
2020-12-15,215.17,215.42,212.24,214.13,27018106,214.13
2020-12-16,214.75,220.11,214.72,219.28,35023253,219.28
2020-12-17,219.87,220.89,217.92,219.42,32515784,219.42
2020-12-18,218.59,219.69,216.02,218.59,63354922,218.59
2020-12-21,217.55,224.0,217.28,222.59,37181886,222.59
2020-12-22,222.69,225.63,221.85,223.94,22643397,223.94
2020-12-23,223.11,223.56,220.8,221.02,18699638,221.02
2020-12-24,221.42,223.61,221.2,222.75,10550572,222.75
2020-12-28,224.45,226.03,223.02,224.96,17933496,224.96
2020-12-29,226.31,227.18,223.58,224.15,17403213,224.15
2020-12-30,225.23,225.63,221.47,221.68,20272337,221.68
2020-12-31,221.7,223.0,219.68,222.42,20942132,222.42
2021-01-04,222.53,223.0,214.81,217.69,37123268,217.69
2021-01-05,217.26,218.52,215.7,217.9,23822953,217.9
2021-01-06,212.17,216.49,211.94,212.25,35930653,212.25
2021-01-07,214.04,219.34,213.71,218.29,27694480,218.29
2021-01-08,218.68,220.58,217.03,219.62,22956206,219.62
2021-01-11,218.47,218.91,216.73,217.49,23047029,217.49
2021-01-12,216.5,217.1,213.32,214.93,23249336,214.93
2021-01-13,214.02,216.76,213.93,216.34,20087080,216.34
2021-01-14,215.91,217.46,212.74,213.02,29346737,213.02
2021-01-15,213.52,214.51,212.03,212.65,31746512,212.65
2021-01-19,213.75,216.98,212.63,216.44,30480859,216.44
2021-01-20,217.7,225.79,217.29,224.34,37777260,224.34
2021-01-21,224.7,226.3,222.42,224.97,30749553,224.97
2021-01-22,227.08,230.07,225.8,225.95,30172663,225.95
2021-01-25,229.12,229.78,224.22,229.53,33152095,229.53
2021-01-26,231.86,234.18,230.08,232.33,49169601,232.33
2021-01-27,238.0,240.44,230.14,232.9,69870638,232.9
2021-01-28,235.61,242.64,235.09,238.93,49111159,238.93
2021-01-29,235.99,238.02,231.35,231.96,42503138,231.96
2021-02-01,235.06,242.5,232.43,239.65,33314193,239.65
2021-02-02,241.3,242.31,238.69,239.51,25916337,239.51
2021-02-03,239.57,245.09,239.26,243.0,27158104,243.0
2021-02-04,242.66,243.24,240.37,242.01,25296100,242.01
2021-02-05,242.23,243.28,240.42,242.2,18054752,242.2
2021-02-08,243.15,243.68,240.81,242.47,22211929,242.47
2021-02-09,241.87,244.76,241.38,243.77,23564953,243.77
2021-02-10,245.0,245.92,240.89,242.82,22186706,242.82
2021-02-11,244.78,245.15,242.15,244.49,15751059,244.49
2021-02-12,243.93,245.3,242.73,244.99,16561079,244.99
2021-02-16,245.03,246.13,242.92,243.7,26728487,243.7
2021-02-17,241.32,244.31,240.94,244.2,21673109,244.2
2021-02-18,241.8,243.93,240.86,243.79,16925563,243.79
2021-02-19,243.75,243.86,240.18,240.97,25262600,240.97
2021-02-22,237.42,237.93,232.4,234.51,36446936,234.51
2021-02-23,230.33,234.83,228.73,233.27,30228704,233.27
2021-02-24,230.01,235.2,229.0,234.55,26339746,234.55
2021-02-25,232.08,234.59,227.88,228.99,39542235,228.99
2021-02-26,231.53,235.37,229.54,232.38,37819227,232.38
2021-03-01,235.9,237.47,233.15,236.94,25332837,236.94
2021-03-02,237.01,237.3,233.45,233.87,22812459,233.87
2021-03-03,232.16,233.58,227.26,227.56,34029526,227.56
2021-03-04,226.74,232.49,224.26,226.73,44727785,226.73
2021-03-05,229.52,233.27,226.46,231.6,41872770,231.6
2021-03-08,231.37,233.37,227.13,227.39,35267440,227.39
2021-03-09,232.88,235.38,231.67,233.78,33080531,233.78
2021-03-10,237.0,237.0,232.04,232.42,29746812,232.42
2021-03-11,234.96,239.17,234.31,237.13,29907586,237.13
2021-03-12,234.01,235.82,233.23,235.75,22653662,235.75
2021-03-15,234.96,235.19,231.81,234.81,26042669,234.81
2021-03-16,236.28,240.06,235.94,237.71,28092196,237.71
2021-03-17,236.15,238.55,233.23,237.04,29562100,237.04
2021-03-18,232.56,234.19,230.33,230.72,34852251,230.72
2021-03-19,231.02,232.47,229.35,230.35,46430730,230.35
2021-03-22,230.27,236.9,230.14,235.99,30127005,235.99
2021-03-23,237.49,241.05,237.07,237.58,31638376,237.58
2021-03-24,237.85,238.0,235.32,235.46,25620127,235.46
2021-03-25,235.3,236.94,231.57,232.34,34061853,232.34
2021-03-26,231.55,236.71,231.55,236.48,25479853,236.48
2021-03-29,236.59,236.8,231.88,235.24,25227455,235.24
2021-03-30,233.53,233.85,231.1,231.85,24792012,231.85
2021-03-31,232.91,239.1,232.39,235.77,43623471,235.77
2021-04-01,238.47,242.84,238.05,242.35,30337982,242.35
2021-04-05,242.76,249.96,242.7,249.07,36910609,249.07
2021-04-06,247.61,249.4,246.88,247.86,22931923,247.86
2021-04-07,247.81,250.93,247.19,249.9,22719835,249.9
2021-04-08,252.77,254.14,252.0,253.25,23625197,253.25
2021-04-09,252.87,255.99,252.44,255.85,24326833,255.85
2021-04-12,254.71,257.67,254.62,255.91,27148668,255.91
2021-04-13,257.26,259.19,256.83,258.49,23837469,258.49
2021-04-14,257.48,258.83,255.16,255.59,23070938,255.59
2021-04-15,257.93,259.93,257.73,259.5,25627481,259.5
2021-04-16,259.47,261.0,257.6,260.74,24878582,260.74
2021-04-19,260.19,261.48,257.82,258.74,23209260,258.74
2021-04-20,257.82,260.2,256.84,258.26,19722875,258.26
2021-04-21,258.94,260.68,257.25,260.58,24030383,260.58
2021-04-22,260.21,261.78,255.64,257.17,25606152,257.17
2021-04-23,257.88,261.51,257.27,261.15,21499286,261.15
2021-04-26,261.66,262.44,260.17,261.55,19763346,261.55
2021-04-27,261.58,263.19,260.12,261.97,31014213,261.97
2021-04-28,256.08,256.54,252.95,254.56,46903119,254.56
2021-04-29,255.46,256.1,249.0,252.51,40589023,252.51
2021-04-30,249.74,253.08,249.6,252.18,30945098,252.18
2021-05-03,253.4,254.35,251.12,251.86,19626568,251.86
2021-05-04,250.97,251.21,245.76,247.79,32756052,247.79
2021-05-05,249.06,249.5,245.82,246.47,21901325,246.47
2021-05-06,246.45,249.86,244.69,249.73,26491085,249.73
2021-05-07,252.15,254.3,251.17,252.46,27032912,252.46
2021-05-10,250.87,251.73,247.12,247.18,29299890,247.18
2021-05-11,244.55,246.6,242.57,246.23,33641589,246.23
2021-05-12,242.17,244.38,238.07,239.0,36684370,239.0
2021-05-13,241.8,245.6,241.42,243.03,29624298,243.03
2021-05-14,245.58,249.18,245.49,248.15,23901081,248.15
2021-05-17,246.55,246.59,243.52,245.18,24970168,245.18
2021-05-18,246.27,246.41,242.9,243.08,20167975,243.08
2021-05-19,239.31,243.23,238.6,243.12,25739807,243.12
2021-05-20,243.96,247.95,243.86,246.48,21800716,246.48
2021-05-21,247.57,248.33,244.74,245.17,21863058,245.17
2021-05-24,247.79,251.16,247.51,250.78,21411547,250.78
2021-05-25,251.77,252.75,250.82,251.72,17704303,251.72
2021-05-26,251.43,252.94,250.75,251.49,17771600,251.49
2021-05-27,251.17,251.48,249.25,249.31,24426244,249.31
2021-05-28,251.0,252.08,249.56,249.68,18274942,249.68
2021-06-01,251.23,251.29,246.96,247.4,23213310,247.4
2021-06-02,248.13,249.27,245.84,247.3,19406705,247.3
2021-06-03,245.22,246.34,243.0,245.71,25307711,245.71
2021-06-04,247.76,251.65,247.51,250.79,25281094,250.79
2021-06-07,249.98,254.09,249.81,253.81,23079167,253.81
2021-06-08,255.16,256.01,252.51,252.57,22454998,252.57
2021-06-09,253.81,255.53,253.21,253.59,17937634,253.59
2021-06-10,254.29,257.46,253.67,257.24,24563619,257.24
2021-06-11,257.99,258.49,256.61,257.89,18999731,257.89
2021-06-14,257.9,259.95,256.8,259.89,19150507,259.89
2021-06-15,259.77,259.99,257.68,258.36,18038931,258.36
2021-06-16,259.4,260.58,254.42,257.38,27219956,257.38
2021-06-17,256.07,261.75,256.01,260.9,27565537,260.9
2021-06-18,259.63,262.3,258.75,259.43,37202217,259.43
2021-06-21,259.82,263.52,257.92,262.63,26696119,262.63
2021-06-22,262.72,265.79,262.4,265.51,24694090,265.51
2021-06-23,265.99,266.83,264.43,265.27,19518681,265.27
2021-06-24,266.16,267.85,265.47,266.69,21446867,266.69
2021-06-25,266.23,267.25,264.76,265.02,25611113,265.02
2021-06-28,266.19,268.9,265.91,268.72,19590024,268.72
2021-06-29,268.87,271.65,267.98,271.4,19937811,271.4
2021-06-30,270.69,271.36,269.6,270.9,21656457,270.9
2021-07-01,269.61,271.84,269.6,271.6,16725323,271.6
2021-07-02,272.82,278.0,272.5,277.65,26474408,277.65
2021-07-06,278.03,279.37,274.3,277.66,31565560,277.66
2021-07-07,279.4,280.69,277.15,279.93,23260031,279.93
2021-07-08,276.9,278.73,274.87,277.42,24618591,277.42
2021-07-09,275.72,278.05,275.32,277.94,23916665,277.94
2021-07-12,279.16,279.77,276.58,277.32,18931695,277.32
2021-07-13,277.52,282.85,277.39,280.98,26120128,280.98
2021-07-14,282.35,283.66,280.55,282.51,23113662,282.51
2021-07-15,282.0,282.51,279.83,281.03,22604227,281.03
2021-07-16,282.07,284.1,279.46,280.75,26186848,280.75
2021-07-19,278.93,280.37,274.45,277.01,32935634,277.01
2021-07-20,278.03,280.97,276.26,279.32,26259741,279.32
2021-07-21,278.9,281.52,277.29,281.4,24364320,281.4
2021-07-22,283.84,286.42,283.42,286.14,23384059,286.14
2021-07-23,287.37,289.99,286.5,289.67,22768071,289.67
2021-07-26,289.0,289.69,286.64,289.05,23176073,289.05
2021-07-27,289.43,289.58,282.95,286.54,33604073,286.54
2021-07-28,288.99,290.15,283.83,286.22,33566853,286.22
2021-07-29,286.24,288.62,286.08,286.5,18168294,286.5
2021-07-30,285.17,286.66,283.91,284.91,20944846,284.91
2021-08-02,286.36,286.77,283.74,284.82,16267357,284.82
2021-08-03,285.42,287.23,284.0,287.12,17879048,287.12
2021-08-04,286.22,287.59,284.65,286.51,16191301,286.51
2021-08-05,286.88,289.63,286.1,289.52,13900167,289.52
2021-08-06,288.51,289.5,287.62,289.46,16589336,289.46
2021-08-09,289.75,291.55,287.81,288.33,16117629,288.33
2021-08-10,288.8,289.25,285.2,286.44,18616578,286.44
2021-08-11,287.21,288.66,285.86,286.95,13955934,286.95
2021-08-12,286.63,289.97,286.34,289.81,14570391,289.81
2021-08-13,289.48,292.9,289.3,292.85,18249046,292.85
2021-08-16,293.19,294.82,290.02,294.6,22516027,294.6
2021-08-17,292.39,293.43,291.08,293.08,20075250,293.08
2021-08-18,292.04,294.82,290.27,290.73,21812985,290.73
2021-08-19,288.69,297.47,288.64,296.77,29850461,296.77
2021-08-20,299.72,305.84,298.06,304.36,40817646,304.36
2021-08-23,303.25,305.4,301.85,304.65,22830157,304.65
2021-08-24,305.02,305.65,302.0,302.62,18175774,302.62
2021-08-25,304.3,304.59,300.42,302.01,20006057,302.01
2021-08-26,300.99,302.43,298.95,299.09,17666084,299.09
2021-08-27,298.99,300.87,296.83,299.72,22605726,299.72
2021-08-30,301.12,304.22,301.06,303.59,16348072,303.59
2021-08-31,304.42,304.5,301.5,301.88,26285338,301.88
2021-09-01,302.87,305.19,301.49,301.83,18983826,301.83
2021-09-02,302.2,303.36,300.18,301.15,16290545,301.15
2021-09-03,300.99,302.6,300.26,301.14,14751610,301.14
2021-09-07,301.01,301.09,298.2,300.18,17184083,300.18
2021-09-08,299.78,300.61,297.47,300.21,15046819,300.21
2021-09-09,300.82,302.14,297.0,297.25,19927000,297.25
2021-09-10,298.42,299.92,295.38,295.71,19633363,295.71
2021-09-13,297.55,298.54,294.08,296.99,23652949,296.99
2021-09-14,299.56,301.39,298.1,299.79,21853433,299.79
2021-09-15,303.26,305.32,301.82,304.82,28356304,304.82
2021-09-16,303.76,305.31,300.76,305.22,19550815,305.22
2021-09-17,304.17,304.5,299.53,299.87,41372457,299.87
2021-09-20,296.33,298.72,289.52,294.3,38278661,294.3
2021-09-21,295.69,297.54,294.07,294.8,22364103,294.8
2021-09-22,296.73,300.22,294.51,298.58,26626342,298.58
2021-09-23,298.85,300.9,297.53,299.56,18604601,299.56
2021-09-24,298.23,299.8,296.93,299.35,14998978,299.35
2021-09-27,296.14,296.47,292.94,294.17,23571742,294.17
2021-09-28,289.8,290.78,282.75,283.52,43186237,283.52
2021-09-29,285.1,286.77,283.01,284.0,26353696,284.0
2021-09-30,285.71,287.83,281.62,281.92,32343635,281.92
2021-10-01,282.12,289.98,281.29,289.1,30086280,289.1
2021-10-04,287.4,287.75,280.25,283.11,31350747,283.11
2021-10-05,284.05,290.4,284.05,288.76,24993024,288.76
2021-10-06,285.78,293.63,285.51,293.11,28002559,293.11
2021-10-07,295.18,296.64,293.92,294.85,20430471,294.85
2021-10-08,296.22,296.64,293.76,294.85,17685700,294.85
2021-10-11,292.92,297.97,292.75,294.23,19298634,294.23
2021-10-12,295.34,295.44,292.35,292.88,17974143,292.88
2021-10-13,294.91,297.28,293.49,296.31,23424025,296.31
2021-10-14,299.21,303.27,297.83,302.75,27262902,302.75
2021-10-15,302.34,304.45,300.52,304.21,25384803,304.21
2021-10-18,303.57,308.21,302.69,307.29,22729297,307.29
2021-10-19,308.35,309.3,307.22,308.23,17682139,308.23
2021-10-20,309.21,309.7,306.11,307.41,16537069,307.41
2021-10-21,307.17,311.02,306.36,310.76,16918100,310.76
2021-10-22,310.4,311.09,307.8,309.16,17449332,309.16
2021-10-25,309.36,309.4,306.46,308.13,17554469,308.13
2021-10-26,311.0,312.39,308.6,310.11,28107349,310.11
2021-10-27,316.0,326.1,316.0,323.17,52588690,323.17
2021-10-28,324.33,324.87,321.36,324.35,26297943,324.35
2021-10-29,324.13,332.0,323.9,331.62,34765982,331.62
2021-11-01,331.36,331.49,326.37,329.37,27073182,329.37
2021-11-02,330.31,333.45,330.0,333.13,26487109,333.13
2021-11-03,333.9,334.9,330.65,334.0,21500082,334.0
2021-11-04,332.89,336.54,329.51,336.44,23992202,336.44
2021-11-05,338.51,338.79,334.42,336.06,22570098,336.06
2021-11-08,337.3,337.65,334.44,336.99,20897001,336.99
2021-11-09,337.11,338.72,334.53,335.95,21307370,335.95
2021-11-10,334.57,334.63,329.92,330.8,25500938,330.8
2021-11-11,331.25,333.77,330.51,332.43,16849844,332.43
2021-11-12,333.92,337.23,333.79,336.72,23831049,336.72
2021-11-15,337.54,337.88,334.03,336.07,16723009,336.07
2021-11-16,335.68,340.67,335.51,339.51,20886832,339.51
2021-11-17,338.94,342.19,338.0,339.12,19053380,339.12
2021-11-18,338.18,342.45,337.12,341.27,22463533,341.27
2021-11-19,342.64,345.1,342.2,343.11,21963403,343.11
2021-11-22,344.62,349.67,339.55,339.83,31031113,339.83
2021-11-23,337.05,339.45,333.56,337.68,30427563,337.68
2021-11-24,336.28,338.16,333.91,337.91,21661307,337.91
2021-11-26,334.35,337.93,328.12,329.68,24217242,329.68
2021-11-29,334.94,339.03,334.74,336.63,28563481,336.63
2021-11-30,335.32,337.78,328.99,330.59,42885609,330.59
2021-12-01,335.13,339.28,329.39,330.08,33401146,330.08
2021-12-02,330.3,333.49,327.8,329.49,30765980,329.49
2021-12-03,331.99,332.7,318.03,323.01,41779279,323.01
2021-12-06,323.95,327.45,319.23,326.19,30032556,326.19
2021-12-07,331.64,335.8,330.1,334.92,31021936,334.92
2021-12-08,335.31,335.5,330.8,334.97,24760988,334.97
2021-12-09,334.41,336.49,332.12,333.1,22214158,333.1
2021-12-10,334.98,343.0,334.79,342.54,38095694,342.54
2021-12-13,340.68,343.79,339.08,339.4,28899431,339.4
2021-12-14,333.22,334.64,324.11,328.34,44438699,328.34
2021-12-15,328.61,335.19,324.5,334.65,35381122,334.65
2021-12-16,335.71,336.76,323.02,324.9,35034831,324.9
2021-12-17,320.88,324.92,317.25,323.8,47983713,323.8
2021-12-20,320.05,322.8,317.57,319.91,28326532,319.91
2021-12-21,323.29,327.73,319.8,327.29,24740597,327.29
2021-12-22,328.3,333.61,325.75,333.2,24831493,333.2
2021-12-23,332.75,336.39,332.73,334.69,19617848,334.69
2021-12-27,335.46,342.48,335.43,342.45,19947029,342.45
2021-12-28,343.15,343.81,340.32,341.25,15661467,341.25
2021-12-29,341.3,344.3,339.68,341.95,15041956,341.95
2021-12-30,341.91,343.13,338.82,339.32,15994471,339.32
2021-12-31,338.51,339.36,335.85,336.32,18000797,336.32
2022-01-03,335.35,338.0,329.78,334.75,28918013,334.75
2022-01-04,334.83,335.2,326.12,329.01,32674306,329.01
2022-01-05,325.86,326.07,315.98,316.38,40054327,316.38
2022-01-06,313.15,318.7,311.49,313.88,39646148,313.88
2022-01-07,314.15,316.5,310.09,314.04,32720018,314.04
2022-01-10,309.49,314.72,304.69,314.27,44289467,314.27
2022-01-11,313.38,316.61,309.89,314.98,29386774,314.98
2022-01-12,319.67,323.41,317.08,318.27,34372217,318.27
2022-01-13,320.47,320.88,304.0,304.8,45365979,304.8
2022-01-14,304.06,310.8,303.75,310.2,39846414,310.2
2022-01-18,304.07,309.8,301.74,302.65,42434112,302.65
2022-01-19,306.29,313.91,302.7,303.33,45933855,303.33
2022-01-20,309.07,311.65,301.14,301.6,35380675,301.6
2022-01-21,302.69,304.11,295.61,296.03,57984403,296.03
2022-01-24,292.2,297.11,276.05,296.37,86035393,296.37
2022-01-25,291.52,294.99,285.17,288.49,72848638,288.49
2022-01-26,307.99,308.5,293.03,296.71,90428853,296.71
2022-01-27,302.66,307.3,297.93,299.84,53481317,299.84
2022-01-28,300.23,308.48,294.45,308.26,49743698,308.26
2022-01-31,308.95,312.38,306.37,310.98,46444536,310.98
2022-02-01,310.41,310.63,305.13,308.76,40950396,308.76
2022-02-02,309.63,315.12,308.88,313.46,36635989,313.46
2022-02-03,309.49,311.23,299.96,301.25,43729972,301.25
2022-02-04,300.21,308.8,299.97,305.94,35096488,305.94
2022-02-07,306.17,307.84,299.9,300.95,28533286,300.95
2022-02-08,301.25,305.56,299.95,304.56,32421188,304.56
2022-02-09,309.87,311.93,307.39,311.21,31284671,311.21
2022-02-10,304.04,309.12,300.7,302.38,45386199,302.38
2022-02-11,303.19,304.29,294.22,295.04,39175620,295.04
2022-02-14,293.77,296.76,291.35,295.0,36359487,295.0
2022-02-15,300.01,300.8,297.02,300.47,27379488,300.47
2022-02-16,298.37,300.87,293.68,299.5,29982121,299.5
2022-02-17,296.36,296.8,290.0,290.73,32461580,290.73
2022-02-18,293.05,293.86,286.31,287.93,34264008,287.93
2022-02-22,285.0,291.54,284.5,287.72,41736117,287.72
2022-02-23,290.18,291.7,280.1,280.27,37811167,280.27
2022-02-24,272.51,295.16,271.52,294.59,56989686,294.59
2022-02-25,295.14,297.63,291.65,297.31,32546721,297.31
2022-02-28,294.31,299.14,293.0,298.79,34627457,298.79
2022-03-01,296.4,299.97,292.15,294.95,31217778,294.95
2022-03-02,295.36,301.47,293.7,300.19,31873007,300.19
2022-03-03,302.89,303.13,294.05,295.92,27314469,295.92
2022-03-04,294.29,295.66,287.17,289.86,32369655,289.86
2022-03-07,288.53,289.69,278.53,278.91,43157178,278.91
2022-03-08,277.8,283.96,270.0,275.85,48159475,275.85
2022-03-09,283.44,289.6,280.78,288.5,35204480,288.5
2022-03-10,283.02,286.6,280.58,285.59,30628012,285.59
2022-03-11,287.96,289.51,279.43,280.07,27209330,280.07
2022-03-14,280.34,285.4,275.82,276.44,30660747,276.44
2022-03-15,280.35,287.82,278.73,287.15,34245085,287.15
2022-03-16,289.11,294.57,283.2,294.39,37826329,294.39
2022-03-17,293.29,295.61,289.37,295.22,30816633,295.22
2022-03-18,295.37,301.0,292.73,300.43,43390625,300.43
2022-03-21,298.89,300.14,294.9,299.16,28351245,299.16
2022-03-22,299.8,305.0,298.77,304.06,27599689,304.06
2022-03-23,300.51,303.23,297.72,299.49,25715377,299.49
2022-03-24,299.14,304.2,298.32,304.1,24484456,304.1
2022-03-25,305.23,305.5,299.29,303.68,22566453,303.68
2022-03-28,304.33,310.8,304.33,310.7,29578188,310.7
2022-03-29,313.91,315.82,309.05,315.41,30393403,315.41
2022-03-30,313.76,315.95,311.58,313.86,28163555,313.86
2022-03-31,313.9,315.14,307.89,308.31,33422070,308.31
2022-04-01,309.37,310.13,305.54,309.42,27110529,309.42
2022-04-04,310.09,315.11,309.71,314.97,24335868,314.97
2022-04-05,313.27,314.87,309.87,310.88,23156719,310.88
2022-04-06,305.19,307.0,296.71,299.5,40110372,299.5
2022-04-07,296.66,303.65,296.35,301.37,31411155,301.37
2022-04-08,300.44,301.12,296.28,296.97,24361917,296.97
2022-04-11,291.79,292.61,285.0,285.26,34569264,285.26
2022-04-12,289.24,290.74,280.49,282.06,30966721,282.06
2022-04-13,282.73,288.58,281.3,287.62,21907176,287.62
2022-04-14,288.09,288.31,279.32,279.83,28221607,279.83
2022-04-18,278.91,282.46,278.34,280.52,20778000,280.52
2022-04-19,279.38,286.17,278.41,285.3,22297720,285.3
2022-04-20,289.4,289.7,285.37,286.36,22906667,286.36
2022-04-21,288.58,293.3,280.06,280.81,29454587,280.81
2022-04-22,281.68,283.2,273.38,274.03,29405798,274.03
2022-04-25,273.29,281.11,270.77,280.72,35678852,280.72
2022-04-26,277.5,278.36,270.0,270.22,46518445,270.22
2022-04-27,282.1,290.97,279.16,283.22,63477694,283.22
2022-04-28,285.19,290.98,281.46,289.63,33646570,289.63
2022-04-29,288.61,289.88,276.5,277.52,37073923,277.52
2022-05-02,277.71,284.94,276.22,284.47,35151105,284.47
2022-05-03,283.96,284.13,280.15,281.78,25978605,281.78
2022-05-04,282.59,290.88,276.73,289.98,33599320,289.98
2022-05-05,285.54,286.35,274.34,277.35,43260386,277.35
2022-05-06,274.81,279.25,271.27,274.73,37780322,274.73
2022-05-09,270.06,272.36,263.32,264.58,47725952,264.58
2022-05-10,271.69,273.75,265.07,269.5,39336424,269.5
2022-05-11,265.68,271.36,259.3,260.55,48975898,260.55
2022-05-12,257.69,259.88,250.02,255.35,51033802,255.35
2022-05-13,257.35,263.04,255.35,261.12,34925093,261.12
2022-05-16,259.95,265.82,255.78,261.5,32550933,261.5
2022-05-17,266.11,268.33,262.46,266.82,28828799,266.82
2022-05-18,263.0,263.6,252.77,254.08,31355985,254.08
2022-05-19,253.9,257.67,251.88,253.14,32692286,253.14
2022-05-20,257.24,258.54,246.44,252.56,39199279,252.56
2022-05-23,255.49,261.5,253.43,260.65,33175379,260.65
2022-05-24,257.89,261.33,253.5,259.62,29043904,259.62
2022-05-25,258.14,264.58,257.13,262.52,28547947,262.52
2022-05-26,262.27,267.11,261.43,265.9,25002105,265.9
2022-05-27,268.48,273.34,267.56,273.24,26910806,273.24
2022-05-31,272.53,274.77,268.93,271.87,37827695,271.87
2022-06-01,275.2,277.69,270.04,272.42,25292174,272.42
2022-06-02,264.45,274.65,261.6,274.58,44008209,274.58
2022-06-03,270.31,273.45,268.41,270.02,28058958,270.02
2022-06-06,272.06,274.18,267.22,268.75,22400342,268.75
2022-06-07,266.64,273.13,265.94,272.5,22860677,272.5
2022-06-08,271.71,273.0,269.61,270.41,17372341,270.41
2022-06-09,267.78,272.71,264.63,264.79,26439728,264.79
2022-06-10,260.58,260.58,252.53,252.99,31445841,252.99
2022-06-13,245.11,249.02,241.53,242.26,46135788,242.26
2022-06-14,243.86,245.74,241.51,244.49,28651487,244.49
2022-06-15,248.31,255.3,246.42,251.76,33111729,251.76
2022-06-16,245.98,247.42,243.02,244.97,33169160,244.97
2022-06-17,244.7,250.5,244.03,247.65,43084780,247.65
2022-06-21,250.26,254.75,249.51,253.74,29928297,253.74
2022-06-22,251.89,257.17,250.37,253.13,25961215,253.13
2022-06-23,255.57,259.37,253.63,258.86,25861449,258.86
2022-06-24,261.81,267.98,261.72,267.7,33923231,267.7
2022-06-27,268.2,268.3,263.28,264.89,24615114,264.89
2022-06-28,263.98,266.91,256.32,256.48,27380247,256.48
2022-06-29,257.59,261.97,255.76,260.26,20069839,260.26
2022-06-30,257.05,259.53,252.9,256.83,31730868,256.83
2022-07-01,256.39,259.77,254.61,259.58,22837692,259.58
2022-07-05,256.16,262.98,254.74,262.85,22971634,262.85
2022-07-06,263.75,267.99,262.4,266.21,23824419,266.21
2022-07-07,265.12,269.06,265.02,268.4,20859874,268.4
2022-07-08,264.79,268.1,263.29,267.66,19658751,267.66
2022-07-11,265.65,266.53,262.18,264.51,19519108,264.51
2022-07-12,265.88,265.94,252.04,253.67,35868450,253.67
2022-07-13,250.19,253.55,248.11,252.72,29497423,252.72
2022-07-14,250.57,255.14,245.94,254.08,25102823,254.08
2022-07-15,255.72,260.37,254.77,256.72,29774050,256.72
2022-07-18,259.75,260.84,253.3,254.25,20975034,254.25
2022-07-19,257.58,259.72,253.68,259.53,25012562,259.53
2022-07-20,259.9,264.87,258.91,262.27,22788282,262.27
2022-07-21,259.79,264.89,257.03,264.84,22404675,264.84
2022-07-22,265.24,265.33,259.07,260.36,21881290,260.36
2022-07-25,261.0,261.5,256.81,258.83,21055998,258.83
2022-07-26,259.86,259.88,249.57,251.9,39347957,251.9
2022-07-27,261.16,270.05,258.85,268.74,45994049,268.74
2022-07-28,269.75,277.84,267.87,276.41,33459327,276.41
2022-07-29,277.7,282.0,276.63,280.74,32152752,280.74
2022-08-01,277.82,281.28,275.84,278.01,21539580,278.01
2022-08-02,276.0,277.89,272.38,274.82,22754184,274.82
2022-08-03,276.76,283.5,276.61,282.47,23518874,282.47
2022-08-04,281.8,283.8,280.17,283.65,18098668,283.65
2022-08-05,279.15,283.65,278.68,282.91,16774606,282.91
2022-08-08,284.05,285.92,279.32,280.32,18757818,280.32
2022-08-09,279.64,283.08,277.61,282.3,23405238,282.3
2022-08-10,288.17,289.81,286.94,289.16,24687845,289.16
2022-08-11,290.85,291.21,286.51,287.02,20065938,287.02
2022-08-12,288.48,291.91,286.94,291.91,22619675,291.91
2022-08-15,291.0,294.18,290.11,293.47,18085654,293.47
2022-08-16,291.99,294.04,290.42,292.71,18102882,292.71
2022-08-17,289.74,293.35,289.47,291.32,18253358,291.32
2022-08-18,290.19,291.91,289.08,290.17,17186192,290.17
2022-08-19,288.9,289.25,285.56,286.15,20570033,286.15
2022-08-22,282.08,282.46,277.22,277.75,25061070,277.75
2022-08-23,276.44,278.86,275.4,276.44,17527409,276.44
2022-08-24,275.41,277.23,275.11,275.79,18137019,275.79
2022-08-25,277.33,279.02,274.52,278.85,16583407,278.85
2022-08-26,279.08,280.34,267.98,268.09,27549307,268.09
2022-08-29,265.85,267.4,263.85,265.23,20338544,265.23
2022-08-30,266.67,267.05,260.66,262.97,22767071,262.97
2022-08-31,265.39,267.11,261.33,261.47,24791834,261.47
2022-09-01,258.87,260.89,255.41,260.4,23263431,260.4
2022-09-02,261.7,264.74,254.47,256.06,22855380,256.06
2022-09-06,256.2,257.83,251.94,253.25,21328242,253.25
2022-09-07,254.7,258.83,253.22,258.09,24126700,258.09
2022-09-08,257.51,260.43,254.79,258.52,20319911,258.52
2022-09-09,260.5,265.23,260.29,264.46,22093190,264.46
2022-09-12,265.78,267.45,265.16,266.65,18747690,266.65
2022-09-13,258.84,260.4,251.59,251.99,33353318,251.99
2022-09-14,253.53,254.23,249.86,252.22,23912954,252.22
2022-09-15,249.77,251.4,244.02,245.38,31530948,245.38
2022-09-16,244.26,245.3,242.06,244.74,39791768,244.74
2022-09-19,242.47,245.14,240.85,244.52,26826931,244.52
2022-09-20,242.07,243.51,239.64,242.45,26660299,242.45
2022-09-21,244.27,247.66,238.9,238.95,28625557,238.95
2022-09-22,237.87,243.86,237.57,240.98,31061162,240.98
2022-09-23,239.54,241.13,235.2,237.92,34176048,237.92
2022-09-26,237.05,241.45,236.9,237.45,27694190,237.45
2022-09-27,239.98,241.8,234.5,236.41,27018732,236.41
2022-09-28,236.81,242.33,234.73,241.07,29029679,241.07
2022-09-29,238.89,239.95,234.41,237.5,27484233,237.5
2022-09-30,238.29,240.54,232.73,232.9,35694832,232.9
2022-10-03,235.41,241.61,234.66,240.74,28880357,240.74
2022-10-04,245.09,250.36,244.98,248.88,34888416,248.88
2022-10-05,245.99,250.58,244.1,249.2,20347136,249.2
2022-10-06,247.93,250.34,246.08,246.79,20239886,246.79
2022-10-07,240.9,241.32,233.17,234.24,37769602,234.24
2022-10-10,233.05,234.56,226.73,229.25,29743608,229.25
2022-10-11,227.62,229.06,224.11,225.41,30473954,225.41
2022-10-12,225.4,227.86,223.96,225.75,21903937,225.75
2022-10-13,219.85,236.1,219.13,234.24,42551818,234.24
2022-10-14,235.54,237.24,228.34,228.56,30198588,228.56
2022-10-17,235.82,238.96,235.14,237.53,28142268,237.53
2022-10-18,243.24,243.93,235.37,238.5,26329591,238.5
2022-10-19,237.04,239.61,234.29,236.48,19985698,236.48
2022-10-20,235.77,241.31,234.87,236.15,21811015,236.15
2022-10-21,234.74,243.0,234.5,242.12,26299733,242.12
2022-10-24,243.76,247.84,241.3,247.25,24911212,247.25
2022-10-25,247.26,251.04,245.83,250.66,34775505,250.66
2022-10-26,231.17,238.3,230.06,231.32,82684846,231.32
2022-10-27,231.04,233.69,225.78,226.75,40424645,226.75
2022-10-28,226.24,236.6,226.05,235.87,40647724,235.87
2022-10-31,233.76,234.92,231.15,232.13,28357265,232.13
2022-11-01,234.6,235.74,227.33,228.17,30592271,228.17
2022-11-02,229.46,231.3,220.04,220.1,38407008,220.1
2022-11-03,220.09,220.41,213.98,214.25,36633922,214.25
2022-11-04,217.55,221.59,213.43,221.39,36789063,221.39
2022-11-07,221.99,228.41,221.28,227.87,33497979,227.87
2022-11-08,228.7,231.65,225.84,228.87,28192548,228.87
2022-11-09,227.37,228.63,224.33,224.51,27852910,224.51
2022-11-10,235.43,243.33,235.0,242.98,46268021,242.98
2022-11-11,242.99,247.99,241.93,247.11,34620246,247.11
2022-11-14,241.99,243.91,239.21,241.55,31123340,241.55
2022-11-15,245.66,247.0,240.03,241.97,31390117,241.97
2022-11-16,242.79,243.8,240.42,241.73,24093272,241.73
2022-11-17,237.78,243.25,237.63,241.68,23123544,241.68
2022-11-18,243.51,243.74,239.03,241.22,27613523,241.22
2022-11-21,241.43,244.67,241.19,242.05,26394700,242.05
2022-11-22,243.59,245.31,240.71,245.03,19665699,245.03
2022-11-23,245.11,248.28,244.27,247.58,19508462,247.58
2022-11-25,247.31,248.7,246.73,247.49,9200772,247.49
2022-11-28,246.08,246.65,240.8,241.76,24810271,241.76
2022-11-29,241.4,242.79,238.21,240.33,17956313,240.33
2022-11-30,240.57,255.33,239.86,255.14,47594239,255.14
2022-12-01,253.87,256.12,250.92,254.69,26041524,254.69
2022-12-02,249.82,256.06,249.69,255.02,21528520,255.02
2022-12-05,252.01,253.82,248.06,250.2,23435294,250.2
2022-12-06,250.82,251.86,243.78,245.12,22463727,245.12
2022-12-07,244.83,246.16,242.21,244.37,20481522,244.37
2022-12-08,244.84,248.74,243.06,247.4,22611757,247.4
2022-12-09,244.7,248.31,244.16,245.42,20609743,245.42
2022-12-12,247.45,252.54,247.17,252.51,30665069,252.51
2022-12-13,261.69,263.92,253.07,256.92,42196884,256.92
2022-12-14,257.13,262.59,254.31,257.22,35410933,257.22
2022-12-15,253.72,254.2,247.34,249.01,35568093,249.01
2022-12-16,248.55,249.84,243.51,244.69,86101994,244.69
2022-12-19,244.86,245.21,238.71,240.45,29696436,240.45
2022-12-20,239.4,242.91,238.42,241.8,25150802,241.8
2022-12-21,241.69,245.62,240.11,244.43,23690607,244.43
2022-12-22,241.26,241.99,233.87,238.19,28651664,238.19
2022-12-23,236.11,238.87,233.94,238.73,21206982,238.73
2022-12-27,238.7,238.93,235.83,236.96,16688648,236.96
2022-12-28,236.89,239.72,234.17,234.53,17457104,234.53
2022-12-29,235.65,241.92,235.65,241.01,19770693,241.01
2022-12-30,238.21,239.96,236.66,239.82,21938472,239.82
2023-01-03,243.08,245.75,237.4,239.58,25740036,239.58
2023-01-04,232.28,232.87,225.96,229.1,50623394,229.1
2023-01-05,227.2,227.55,221.76,222.31,39585623,222.31
2023-01-06,223.0,225.76,219.35,224.93,43613574,224.93
2023-01-09,226.45,231.24,226.41,227.12,27369784,227.12
2023-01-10,227.76,231.31,227.33,228.85,27033881,228.85
2023-01-11,231.29,235.95,231.11,235.77,28669331,235.77
2023-01-12,235.26,239.9,233.56,238.51,27269486,238.51
2023-01-13,237.0,239.37,234.92,239.23,21333265,239.23
2023-01-17,237.97,240.91,237.09,240.35,29831257,240.35
2023-01-18,241.57,242.38,235.52,235.81,30028692,235.81
2023-01-19,233.78,235.52,230.68,231.93,28623033,231.93
2023-01-20,234.86,240.74,234.51,240.22,35389809,240.22
2023-01-23,241.1,245.17,239.65,242.58,31933951,242.58
2023-01-24,242.5,243.95,240.44,242.04,40234444,242.04
2023-01-25,234.48,243.3,230.9,240.61,66526641,240.61
2023-01-26,243.65,248.31,242.0,248.0,33454491,248.0
2023-01-27,248.99,249.83,246.83,248.16,26498939,248.16
2023-01-30,244.51,245.6,242.2,242.71,25867365,242.71
2023-01-31,243.45,247.95,242.95,247.81,26541072,247.81
2023-02-01,248.0,255.18,245.47,252.75,31259912,252.75
2023-02-02,258.82,264.69,257.25,264.6,39940437,264.6
2023-02-03,259.54,264.2,257.1,258.35,29077256,258.35
2023-02-06,257.44,258.3,254.78,256.77,22517997,256.77
2023-02-07,260.53,268.78,260.08,267.56,50841365,267.56
2023-02-08,273.2,276.76,266.21,266.73,54686049,266.73
2023-02-09,273.8,273.98,262.8,263.62,42375102,263.62
2023-02-10,261.53,264.09,260.66,263.1,25818489,263.1
2023-02-13,267.64,274.6,267.15,271.32,44630921,271.32
2023-02-14,272.67,274.97,269.28,272.17,37047924,272.17
2023-02-15,268.32,270.73,266.18,269.32,28962163,269.32
2023-02-16,264.02,266.74,261.9,262.15,29603616,262.15
2023-02-17,259.39,260.09,256.0,258.06,30000055,258.06
2023-02-21,254.48,255.49,251.59,252.67,28397444,252.67
2023-02-22,254.09,254.34,250.34,251.51,22491056,251.51
2023-02-23,255.56,256.84,250.48,254.77,29219095,254.77
2023-02-24,249.96,251.0,248.1,249.22,24990905,249.22
2023-02-27,252.46,252.82,249.39,250.16,21190042,250.16
2023-02-28,249.07,251.49,248.73,249.42,22490950,249.42
2023-03-01,250.76,250.93,245.79,246.27,27565259,246.27
2023-03-02,246.55,251.4,245.61,251.11,24833646,251.11
2023-03-03,252.19,255.62,251.39,255.29,30760136,255.29
2023-03-06,256.43,260.12,255.98,256.87,24109849,256.87
2023-03-07,256.3,257.69,253.39,254.15,21473179,254.15
2023-03-08,254.04,254.54,250.81,253.7,17340217,253.7
2023-03-09,255.82,259.56,251.58,252.32,26653387,252.32
2023-03-10,251.08,252.79,247.6,248.59,28333930,248.59
2023-03-13,247.4,257.91,245.73,253.92,33339721,253.92
2023-03-14,256.75,261.07,255.86,260.79,33620293,260.79
2023-03-15,259.98,266.48,259.21,265.44,46028047,265.44
2023-03-16,265.21,276.56,263.28,276.2,54832140,276.2
2023-03-17,278.26,283.33,276.32,279.43,69527371,279.43
2023-03-20,276.98,277.48,269.85,272.23,43466649,272.23
2023-03-21,274.88,275.0,269.52,273.78,34558704,273.78
2023-03-22,273.4,281.04,272.18,272.29,34873330,272.29
2023-03-23,277.94,281.06,275.2,277.66,36610879,277.66
2023-03-24,277.24,280.63,275.28,280.57,28199962,280.57
2023-03-27,280.5,281.46,275.52,276.38,26840212,276.38
2023-03-28,275.79,276.14,272.05,275.23,21878647,275.23
2023-03-29,278.96,281.14,278.41,280.51,25087032,280.51
2023-03-30,284.23,284.46,281.48,284.05,25053410,284.05
2023-03-31,283.73,289.27,283.0,288.3,32765976,288.3
2023-04-03,286.52,288.27,283.95,287.23,24883342,287.23
2023-04-04,287.23,290.45,285.67,287.18,25824299,287.18
2023-04-05,285.85,287.15,282.92,284.34,22064770,284.34
2023-04-06,283.21,292.08,282.03,291.6,29770334,291.6
2023-04-10,289.21,289.6,284.71,289.39,23102994,289.39
2023-04-11,285.75,285.98,281.64,282.83,27276589,282.83
2023-04-12,284.79,287.01,281.96,283.49,27403432,283.49
2023-04-13,283.59,289.9,283.17,289.84,24222678,289.84
2023-04-14,287.0,288.48,283.69,286.14,20987917,286.14
2023-04-17,289.93,291.6,286.16,288.8,23836223,288.8
2023-04-18,291.57,291.76,287.01,288.37,20161845,288.37
2023-04-19,285.99,289.05,284.54,288.45,17150271,288.45
2023-04-20,285.25,289.03,285.08,286.11,23244363,286.11
2023-04-21,285.01,286.27,283.06,285.76,21676387,285.76
2023-04-24,282.09,284.95,278.72,281.77,26611014,281.77
2023-04-25,279.51,281.6,275.37,275.42,45772236,275.42
2023-04-26,296.7,299.57,292.73,295.37,64599182,295.37
2023-04-27,295.97,305.2,295.25,304.83,46462638,304.83
2023-04-28,304.01,308.93,303.31,307.26,36469613,307.26
2023-05-01,306.97,308.6,305.15,305.56,21294115,305.56
2023-05-02,307.76,309.18,303.91,305.41,26404431,305.41
2023-05-03,306.62,308.61,304.09,304.4,22360754,304.4
2023-05-04,306.24,307.76,303.4,305.41,22519907,305.41
2023-05-05,305.72,311.97,304.27,310.65,28197052,310.65
2023-05-08,310.13,310.2,306.09,308.65,21318613,308.65
2023-05-09,308.0,310.04,306.31,307.0,21340829,307.0
2023-05-10,308.62,313.0,307.67,312.31,30078044,312.31
2023-05-11,310.1,311.12,306.26,310.11,31680179,310.11
2023-05-12,310.55,310.65,306.6,308.97,19774696,308.97
2023-05-15,309.1,309.91,307.59,309.46,16336547,309.46
2023-05-16,309.83,313.71,309.83,311.74,26730347,311.74
2023-05-17,312.29,314.43,310.74,314.0,24315012,314.0
2023-05-18,314.53,319.04,313.72,318.52,27275991,318.52
2023-05-19,316.74,318.75,316.37,318.34,27546701,318.34
2023-05-22,318.6,322.59,318.01,321.18,24115664,321.18
2023-05-23,320.03,322.72,315.25,315.26,30797173,315.26
2023-05-24,314.73,316.5,312.61,313.85,23384887,313.85
2023-05-25,323.24,326.9,320.0,325.92,43301743,325.92
2023-05-26,324.02,333.4,323.88,332.89,36630633,332.89
2023-05-30,335.23,335.74,330.52,331.21,29503070,331.21
2023-05-31,332.29,335.94,327.33,328.39,45950553,328.39
2023-06-01,325.93,333.53,324.72,332.58,26773851,332.58
2023-06-02,334.25,337.5,332.55,335.4,25873769,335.4
2023-06-05,335.22,338.56,334.66,335.94,21307053,335.94
2023-06-06,335.33,335.37,332.17,333.68,20396223,333.68
2023-06-07,331.65,334.49,322.5,323.38,40717129,323.38
2023-06-08,323.94,326.64,323.35,325.26,23277708,325.26
2023-06-09,324.99,329.99,324.41,326.79,22528950,326.79
2023-06-12,328.58,332.1,325.16,331.85,24306753,331.85
2023-06-13,334.47,336.98,330.39,334.29,22951279,334.29
2023-06-14,334.34,339.04,332.81,337.34,26003791,337.34
2023-06-15,337.48,349.84,337.2,348.1,38899075,348.1
2023-06-16,351.32,351.47,341.95,342.33,46551985,342.33
2023-06-20,339.31,342.08,335.86,338.05,26375407,338.05
2023-06-21,336.37,337.73,332.07,333.56,25117799,333.56
2023-06-22,334.12,340.12,333.34,339.71,23556764,339.71
2023-06-23,334.36,337.96,333.45,335.02,23146901,335.02
2023-06-26,333.72,336.11,328.49,328.6,21520582,328.6
2023-06-27,331.86,336.15,329.3,334.57,24354110,334.57
2023-06-28,334.66,337.98,333.81,335.85,20259523,335.85
2023-06-29,334.71,336.11,332.62,335.05,16997042,335.05
2023-06-30,337.75,342.73,337.2,340.54,26832756,340.54
2023-07-03,339.19,340.9,336.57,337.99,12508693,337.99
2023-07-05,335.09,341.65,334.73,338.15,18172378,338.15
2023-07-06,337.3,342.99,335.5,341.27,28195534,341.27
2023-07-07,339.32,341.79,337.0,337.22,21214824,337.22
2023-07-10,334.6,335.23,327.59,331.83,32791449,331.83
2023-07-11,331.06,332.86,327.0,332.47,26698218,332.47
2023-07-12,336.6,341.65,335.67,337.2,29995262,337.2
2023-07-13,339.56,343.74,339.02,342.66,20567159,342.66
2023-07-14,347.59,351.43,344.31,345.24,28352729,345.24
2023-07-17,345.68,346.99,342.2,345.73,20363927,345.73
2023-07-18,345.83,366.78,342.17,359.49,64872705,359.49
2023-07-19,361.75,362.46,352.44,355.08,39732901,355.08
2023-07-20,353.57,357.97,345.37,346.87,33778395,346.87
2023-07-21,349.15,350.3,339.83,343.77,69405382,343.77
2023-07-24,345.85,346.92,342.31,345.11,26719207,345.11
2023-07-25,347.11,351.89,345.07,350.98,41637739,350.98
2023-07-26,341.44,344.67,333.11,337.77,58383702,337.77
2023-07-27,340.48,341.33,329.05,330.72,39635262,330.72
2023-07-28,333.67,340.01,333.17,338.37,28484868,338.37
2023-07-31,336.92,337.7,333.36,335.92,25446022,335.92
2023-08-01,335.19,338.54,333.7,336.34,18381253,336.34
2023-08-02,333.63,333.63,326.36,327.5,27761257,327.5
2023-08-03,326.0,329.88,325.95,326.66,18360352,326.66
2023-08-04,331.88,335.14,327.24,327.78,23741484,327.78
2023-08-07,328.37,331.11,327.52,330.11,17741526,330.11
2023-08-08,326.96,328.75,323.0,326.05,22327574,326.05
2023-08-09,326.47,327.11,321.05,322.23,22373268,322.23
2023-08-10,326.02,328.26,321.18,322.93,20113725,322.93
2023-08-11,320.26,322.41,319.21,321.01,24355491,321.01
2023-08-14,321.39,324.06,320.08,324.04,18836139,324.04
2023-08-15,323.0,325.09,320.9,321.86,16966285,321.86
2023-08-16,320.8,324.42,319.8,320.4,20698864,320.4
2023-08-17,320.54,321.87,316.21,316.88,21257161,316.88
2023-08-18,314.49,318.38,311.55,316.48,24755012,316.48
2023-08-21,317.93,322.77,317.04,321.88,24039956,321.88
2023-08-22,325.5,326.08,321.46,322.46,16102024,322.46
2023-08-23,323.82,329.2,323.46,327.0,21166382,327.0
2023-08-24,332.85,332.98,319.96,319.97,23281434,319.97
2023-08-25,321.47,325.36,318.8,322.98,21684104,322.98
2023-08-28,325.66,326.15,321.72,323.7,14808482,323.7
2023-08-29,321.88,328.98,321.88,328.41,19284590,328.41
2023-08-30,328.67,329.81,326.45,328.79,15222110,328.79
2023-08-31,329.2,330.91,326.78,327.76,26410954,327.76
2023-09-01,331.31,331.99,326.78,328.66,14942024,328.66
2023-09-05,329.0,334.85,328.66,333.55,18553859,333.55
2023-09-06,333.38,334.46,330.18,332.88,17535773,332.88
2023-09-07,331.29,333.08,329.03,329.91,18380995,329.91
2023-09-08,330.09,336.16,329.46,334.27,19548165,334.27
2023-09-11,337.24,338.42,335.43,337.94,16583324,337.94
2023-09-12,335.82,336.79,331.48,331.77,17565482,331.77
2023-09-13,331.31,336.85,331.17,336.06,16544412,336.06
2023-09-14,339.15,340.86,336.57,338.7,20267048,338.7
2023-09-15,336.92,337.4,329.65,330.22,37679792,330.22
2023-09-18,327.8,330.4,326.36,329.06,16834208,329.06
2023-09-19,326.17,329.39,324.51,328.65,16514487,328.65
2023-09-20,329.51,329.59,320.51,320.77,21436525,320.77
2023-09-21,319.26,325.35,315.0,319.53,35560362,319.53
2023-09-22,321.32,321.45,316.15,317.01,21447887,317.01
2023-09-25,316.59,317.67,315.0,317.54,17835964,317.54
2023-09-26,315.13,315.88,310.02,312.14,26297573,312.14
2023-09-27,312.3,314.3,309.69,312.79,19410082,312.79
2023-09-28,310.99,315.48,309.45,313.64,19683564,313.64
2023-09-29,317.75,319.47,314.98,315.75,24147298,315.75
2023-10-02,316.28,321.89,315.18,321.8,20570006,321.8
2023-10-03,320.83,321.39,311.22,313.39,21033492,313.39
2023-10-04,314.03,320.04,314.0,318.96,20720144,318.96
2023-10-05,319.09,319.98,314.9,319.36,16965629,319.36
2023-10-06,316.55,329.19,316.3,327.26,25673630,327.26
2023-10-09,324.75,330.3,323.18,329.82,19891180,329.82
2023-10-10,330.96,331.1,327.67,328.39,20557094,328.39
2023-10-11,331.21,332.82,329.14,332.42,20063246,332.42
2023-10-12,330.57,333.63,328.72,331.16,19313098,331.16
2023-10-13,332.38,333.83,326.36,327.73,21085695,327.73
2023-10-16,331.05,336.14,330.6,332.64,22158048,332.64
2023-10-17,329.59,333.46,327.41,332.06,18338523,332.06
2023-10-18,332.49,335.59,328.3,330.11,23153602,330.11
2023-10-19,332.15,336.88,330.91,331.32,25052071,331.32
2023-10-20,331.72,331.92,325.45,326.67,25027608,326.67
2023-10-23,325.47,332.72,324.39,329.32,24374748,329.32
2023-10-24,331.3,331.84,327.6,330.53,31153193,330.53
2023-10-25,345.02,346.2,337.62,340.67,55053725,340.67
2023-10-26,340.54,341.63,326.94,327.89,37828543,327.89
2023-10-27,330.42,336.72,328.4,329.81,29856522,329.81
2023-10-30,333.41,339.45,331.83,337.31,22827869,337.31
2023-10-31,338.85,339.0,334.69,338.11,20265282,338.11
2023-11-01,339.79,347.42,339.65,346.07,28158671,346.07
2023-11-02,347.24,348.83,344.77,348.32,24347820,348.32
2023-11-03,349.63,354.39,347.33,352.8,23637241,352.8
2023-11-06,353.45,357.54,353.35,356.53,23828301,356.53
2023-11-07,359.4,362.46,357.63,360.53,25833889,360.53
2023-11-08,361.68,363.87,360.55,363.2,26767828,363.2
2023-11-09,362.3,364.79,360.36,360.69,24847289,360.69
2023-11-10,361.49,370.1,361.07,369.67,28065155,369.67
2023-11-13,368.22,368.47,365.9,366.68,19986506,366.68
2023-11-14,371.01,371.95,367.35,370.27,27683852,370.27
2023-11-15,371.28,373.13,367.11,369.67,26859819,369.67
2023-11-16,370.96,376.35,370.18,376.17,27182093,376.17
2023-11-17,373.61,374.37,367.0,369.85,40325304,369.85
2023-11-20,371.22,378.87,371.0,377.44,52528855,377.44
2023-11-21,375.67,376.22,371.12,373.07,28423145,373.07
2023-11-22,378.0,379.79,374.96,377.85,23361183,377.85
2023-11-24,377.33,377.97,375.14,377.43,9347023,377.43
2023-11-27,376.78,380.64,376.2,378.61,22178858,378.61
2023-11-28,378.35,383.0,378.16,382.7,20453112,382.7
2023-11-29,383.76,384.3,377.44,378.85,28963387,378.85
2023-11-30,378.49,380.09,375.47,378.91,30554404,378.91
2023-12-01,376.76,378.16,371.31,374.51,33040376,374.51
2023-12-04,369.1,369.52,362.9,369.14,32062984,369.14
2023-12-05,366.45,373.08,365.62,372.52,23064786,372.52
2023-12-06,373.54,374.18,368.03,368.8,21182055,368.8
2023-12-07,368.23,371.45,366.32,370.95,23118434,370.95
2023-12-08,369.2,374.46,368.23,374.23,20153878,374.23
2023-12-11,368.48,371.6,366.1,371.3,27708753,371.3
2023-12-12,370.85,374.42,370.46,374.38,24836762,374.38
2023-12-13,376.02,377.64,370.77,374.37,30955531,374.37
2023-12-14,373.31,373.76,364.13,365.93,43277189,365.93
2023-12-15,366.85,372.4,366.28,370.73,78502160,370.73
2023-12-18,369.45,373.0,368.68,372.65,21802868,372.65
2023-12-19,371.49,373.26,369.84,373.26,20603592,373.26
2023-12-20,375.0,376.03,370.53,370.62,26316604,370.62
2023-12-21,372.56,374.41,370.04,373.54,17707142,373.54
2023-12-22,373.68,375.18,372.71,374.58,17107484,374.58
2023-12-26,375.0,376.94,373.5,374.66,12673049,374.66
2023-12-27,373.69,375.06,372.81,374.07,14905160,374.07
2023-12-28,375.37,376.46,374.16,375.28,14327013,375.28
2023-12-29,376.0,377.16,373.48,376.04,18730756,376.04
2024-01-02,373.86,375.9,366.77,370.87,25258277,370.87
2024-01-03,369.01,373.26,368.51,370.6,23083463,370.6
2024-01-04,370.66,373.1,367.17,367.94,20901132,367.94
2024-01-05,368.97,372.06,366.5,367.75,21004574,367.75
2024-01-08,369.3,375.2,369.01,374.69,23133892,374.69
2024-01-09,372.01,375.99,371.19,375.79,20829952,375.79
2024-01-10,376.37,384.17,376.32,382.77,25514192,382.77
2024-01-11,386.0,390.68,380.38,384.63,27850279,384.63
2024-01-12,385.49,388.68,384.65,388.47,21661085,388.47
2024-01-16,393.66,394.03,387.62,390.27,27202212,390.27
2024-01-17,387.98,390.11,384.81,389.47,22233704,389.47
2024-01-18,391.72,393.99,390.12,393.87,23392035,393.87
2024-01-19,395.76,398.67,393.5,398.67,29331121,398.67
2024-01-22,400.02,400.62,393.59,396.51,27016566,396.51
2024-01-23,395.75,399.38,393.93,398.9,20525702,398.9
2024-01-24,401.54,405.63,400.45,402.56,24866951,402.56
2024-01-25,404.32,407.01,402.53,404.87,21021055,404.87
2024-01-26,404.37,406.17,402.43,403.93,17803262,403.93
2024-01-29,406.06,409.98,404.33,409.72,24510184,409.72
2024-01-30,412.26,413.05,406.45,408.59,33477606,408.59
2024-01-31,406.96,415.32,397.21,397.58,47870849,397.58
2024-02-01,401.83,408.0,401.8,403.78,30657726,403.78
2024-02-02,403.81,412.65,403.56,411.22,28256514,411.22
2024-02-05,409.9,411.16,403.99,405.65,25352283,405.65
2024-02-06,405.88,407.97,402.91,405.49,18382451,405.49
2024-02-07,407.44,414.3,407.4,414.05,22340043,414.05
2024-02-08,414.05,415.56,412.53,414.11,21225257,414.11
2024-02-09,415.25,420.82,415.09,420.55,22032682,420.55
2024-02-12,420.56,420.74,414.75,415.26,21202867,415.26
2024-02-13,404.94,410.07,403.39,406.32,27824856,406.32
2024-02-14,408.07,409.84,404.57,409.49,20401169,409.49
2024-02-15,408.14,409.13,404.29,406.56,21825116,406.56
2024-02-16,407.96,408.29,403.44,404.06,22295510,404.06
2024-02-20,403.24,404.49,398.01,402.79,24307742,402.79
2024-02-21,400.17,402.29,397.22,402.18,18631071,402.18
2024-02-22,410.19,412.83,408.57,411.65,27009866,411.65
2024-02-23,415.67,415.86,408.97,410.34,16295423,410.34
2024-02-26,411.46,412.16,407.36,407.54,16193472,407.54
2024-02-27,407.99,408.32,403.85,407.48,14835595,407.48
2024-02-28,408.18,409.3,405.32,407.72,13183091,407.72
2024-02-29,408.64,414.2,405.92,413.64,31947022,413.64
2024-03-01,411.27,415.87,410.88,415.5,17823030,415.5
2024-03-04,413.44,417.35,412.32,414.77,17595949,414.77
2024-03-05,413.96,414.25,400.64,402.65,26918848,402.65
2024-03-06,402.97,405.16,398.39,402.09,22343012,402.09
2024-03-07,406.12,409.78,402.24,409.14,18718478,409.14
2024-03-08,407.96,410.42,404.33,406.22,18001635,406.22
2024-03-11,403.76,405.68,401.26,404.52,16120730,404.52
2024-03-12,407.62,415.57,406.79,415.28,22456850,415.28
2024-03-13,418.1,418.18,411.45,415.1,17115634,415.1
2024-03-14,420.24,427.82,417.99,425.22,34157291,425.22
2024-03-15,419.29,422.6,412.79,416.42,45079842,416.42
2024-03-18,414.25,420.73,413.78,417.32,20105858,417.32
2024-03-19,417.83,421.67,415.55,421.41,19837774,421.41
2024-03-20,422.0,425.96,420.66,425.23,17859849,425.23
2024-03-21,429.83,430.82,427.16,429.37,21295922,429.37
2024-03-22,429.7,429.86,426.07,428.74,17648410,428.74
2024-03-25,425.24,427.41,421.61,422.86,18060423,422.86
2024-03-26,425.61,425.99,421.35,421.65,16725647,421.65
2024-03-27,424.44,424.45,419.01,421.43,16704733,421.43
2024-03-28,420.96,421.87,419.12,420.72,21871161,420.72
2024-04-01,423.95,427.89,422.22,424.57,16315961,424.57
2024-04-02,420.11,422.38,417.84,421.44,17911992,421.44
2024-04-03,419.73,423.26,419.09,420.45,16502264,420.45
2024-04-04,424.99,428.67,417.57,417.88,19370875,417.88
2024-04-05,420.01,426.51,418.32,425.52,16554761,425.52
2024-04-08,425.17,427.28,423.3,424.59,14272387,424.59
2024-04-09,426.44,427.74,421.62,426.28,12512289,426.28
2024-04-10,422.19,424.03,419.7,423.26,16216581,423.26
2024-04-11,425.82,429.37,422.36,427.93,17966423,427.93
2024-04-12,424.05,425.18,419.77,421.9,19253750,421.9
2024-04-15,426.6,426.82,413.43,413.64,20273538,413.64
2024-04-16,414.57,418.4,413.73,414.58,16765616,414.58
2024-04-17,417.25,418.88,410.33,411.84,15855485,411.84
2024-04-18,410.63,411.89,403.95,404.27,21029917,404.27
2024-04-19,404.03,405.48,397.77,399.12,30565789,399.12
2024-04-22,400.08,402.85,395.75,400.96,20286875,400.96
2024-04-23,404.24,408.2,403.06,407.57,15734501,407.57
2024-04-24,409.56,412.47,406.78,409.06,15065330,409.06
2024-04-25,394.03,399.89,388.03,399.04,40586450,399.04
2024-04-26,412.17,413.0,405.76,406.32,29694654,406.32
2024-04-29,405.25,406.32,399.19,402.25,19582091,402.25
2024-04-30,401.49,402.16,389.17,389.33,28781374,389.33
2024-05-01,392.61,401.72,390.31,394.94,23562481,394.94
2024-05-02,397.66,399.93,394.65,397.84,17709364,397.84
2024-05-03,402.28,407.15,401.86,406.66,17446659,406.66
2024-05-06,408.76,413.93,406.37,413.54,16996638,413.54
2024-05-07,414.66,414.67,409.09,409.34,20018173,409.34
2024-05-08,408.17,412.23,406.71,410.54,11792121,410.54
2024-05-09,410.57,412.72,409.1,412.32,14689640,412.32
2024-05-10,412.94,415.38,411.8,414.74,13402255,414.74
2024-05-13,418.01,418.35,410.82,413.72,15440080,413.72
2024-05-14,412.02,417.49,411.55,416.56,15109201,416.56
2024-05-15,417.9,423.81,417.27,423.08,22239528,423.08
2024-05-16,421.8,425.42,420.35,420.99,17529766,420.99
2024-05-17,422.54,422.92,418.02,420.21,15352067,420.21
2024-05-20,420.21,426.77,419.99,425.34,16271892,425.34
2024-05-21,426.82,432.97,424.85,429.04,21452627,429.04
2024-05-22,430.09,432.41,427.13,430.52,18073698,430.52
2024-05-23,432.97,433.6,425.42,427.0,17211569,427.0
2024-05-24,427.19,431.06,424.41,430.16,11855155,430.16
2024-05-28,429.63,430.82,426.6,430.32,15717786,430.32
2024-05-29,425.69,430.94,425.69,429.17,15517095,429.17
2024-05-30,424.3,424.3,414.24,414.67,28424844,414.67
2024-05-31,416.75,416.75,404.51,415.13,47994176,415.13
2024-06-03,415.52,416.43,408.92,413.52,17484463,413.52
2024-06-04,412.43,416.44,409.68,416.07,14348549,416.07
2024-06-05,417.81,424.08,416.3,424.01,16987360,424.01
2024-06-06,424.01,425.31,420.58,424.52,14860737,424.52
2024-06-07,426.2,426.28,423.0,423.85,13621650,423.85
2024-06-10,424.7,428.08,423.89,427.87,14002614,427.87
2024-06-11,425.48,432.82,425.25,432.68,14550558,432.68
2024-06-12,435.32,443.4,433.25,441.06,22366233,441.06
2024-06-13,440.85,443.39,439.37,441.58,15959610,441.58
2024-06-14,438.28,443.14,436.72,442.57,13581582,442.57
2024-06-17,442.58,450.94,440.72,448.37,20790022,448.37
2024-06-18,449.7,450.14,444.89,446.34,17112359,446.34
2024-06-20,446.3,446.53,441.27,445.7,19876975,445.7
2024-06-21,447.38,450.58,446.51,449.78,34485752,449.78
2024-06-24,449.8,452.75,446.41,447.67,15913588,447.67
2024-06-25,448.25,451.42,446.75,450.95,16747529,450.95
2024-06-26,449.0,453.6,448.19,452.16,16507028,452.16
2024-06-27,452.18,456.17,451.77,452.85,14806314,452.85
2024-06-28,453.07,455.38,446.41,446.95,28361842,446.95
2024-07-01,448.66,457.37,445.66,456.73,17662507,456.73
2024-07-02,453.2,459.59,453.11,459.28,13979779,459.28
2024-07-03,458.19,461.02,457.88,460.77,9752906,460.77
2024-07-05,459.61,468.35,458.96,467.56,16000278,467.56
2024-07-08,466.55,467.7,464.46,466.24,12962039,466.24
2024-07-09,467.0,467.33,458.0,459.54,17227904,459.54
2024-07-10,461.22,466.46,458.86,466.25,18196068,466.25
2024-07-11,462.98,464.78,451.55,454.7,23111024,454.7
2024-07-12,454.32,456.36,450.64,453.55,16324198,453.55
2024-07-15,453.3,457.26,451.43,453.96,14429029,453.96
2024-07-16,454.22,454.3,446.66,449.52,17175645,449.52
2024-07-17,442.59,444.85,439.18,443.52,21753505,443.52
2024-07-18,444.34,444.65,434.4,440.37,20794765,440.37
2024-07-19,433.1,441.14,432.0,437.11,20939168,437.11
2024-07-22,441.79,444.6,438.91,442.94,15808534,442.94
2024-07-23,443.9,448.39,443.1,444.85,13106741,444.85
2024-07-24,440.45,441.48,427.58,428.9,26805512,428.9
2024-07-25,428.8,429.8,417.51,418.4,29943287,418.4
2024-07-26,418.2,428.92,417.27,425.27,23583800,425.27
2024-07-29,431.58,432.15,424.7,426.73,15125836,426.73
2024-07-30,427.72,429.05,417.36,422.92,32687576,422.92
2024-07-31,420.5,421.78,412.21,418.35,42891331,418.35
2024-08-01,420.78,427.46,413.09,417.11,30296361,417.11
2024-08-02,412.49,415.0,404.34,408.49,29437893,408.49
2024-08-05,389.17,401.04,385.58,395.15,40709183,395.15
2024-08-06,400.0,405.67,398.5,399.61,24946525,399.61
2024-08-07,408.64,410.08,397.47,398.43,20649739,398.43
2024-08-08,402.44,405.86,399.94,402.69,20202794,402.69
2024-08-09,404.03,408.05,402.26,406.02,19276284,406.02
2024-08-12,407.06,408.76,404.24,406.81,16762883,406.81
2024-08-13,409.59,414.95,409.57,414.01,19413995,414.01
2024-08-14,414.8,417.72,412.45,416.86,18266954,416.86
2024-08-15,419.8,421.11,417.66,421.03,20751706,421.03
2024-08-16,420.6,421.34,417.3,418.47,22775554,418.47
2024-08-19,418.96,421.75,416.46,421.53,15233235,421.53
2024-08-20,421.7,425.86,421.64,424.8,16387186,424.8
2024-08-21,424.08,426.4,421.72,424.14,16067298,424.14
2024-08-22,424.36,426.79,414.61,415.55,19361722,415.55
2024-08-23,416.98,419.26,412.09,416.79,18493044,416.79
2024-08-26,416.36,417.28,411.34,413.49,13152143,413.49
2024-08-27,412.86,414.36,410.25,413.84,13492822,413.84
2024-08-28,414.88,415.0,407.31,410.6,14882277,410.6
2024-08-29,414.94,422.05,410.6,413.12,17045232,413.12
2024-08-30,415.6,417.49,412.13,417.14,24307882,417.14
2024-09-03,417.91,419.88,407.03,409.44,20313451,409.44
2024-09-04,405.91,411.24,404.37,408.9,15135763,408.9
2024-09-05,407.62,413.1,406.13,408.39,14195437,408.39
2024-09-06,409.06,410.65,400.8,401.7,19609375,401.7
2024-09-09,407.24,408.65,402.15,405.72,15294711,405.72
2024-09-10,408.2,416.33,407.7,414.2,19593776,414.2
2024-09-11,415.5,423.99,409.58,423.04,19266892,423.04
2024-09-12,423.31,427.37,419.75,427.0,17418702,427.0
2024-09-13,425.82,431.83,425.46,430.59,15874515,430.59
2024-09-16,430.6,433.53,428.22,431.34,13834631,431.34
2024-09-17,440.23,441.85,432.27,435.15,18874216,435.15
2024-09-18,435.0,436.03,430.41,430.81,18897812,430.81
2024-09-19,441.22,441.5,436.9,438.69,21706559,438.69
2024-09-20,437.22,439.24,434.22,435.27,55166962,435.27
2024-09-23,434.28,436.46,430.39,433.51,15128768,433.51
2024-09-24,433.0,433.35,426.1,429.17,17015642,429.17
2024-09-25,429.83,433.12,428.57,432.11,13396324,432.11
2024-09-26,435.08,435.3,429.13,431.31,14491882,431.31
2024-09-27,431.52,431.85,427.47,428.02,14895732,428.02
2024-09-30,428.21,430.42,425.37,430.3,16854225,430.3
2024-10-01,428.45,428.48,418.81,420.69,19092347,420.69
2024-10-02,422.58,422.82,416.71,417.13,16582153,417.13
2024-10-03,417.63,419.55,414.29,416.54,13686416,416.54
2024-10-04,418.24,419.75,414.97,416.06,19190801,416.06
2024-10-07,416.0,417.11,409.0,409.54,20918926,409.54
2024-10-08,410.9,415.66,408.17,414.71,19229261,414.71
2024-10-09,415.86,420.38,414.3,417.46,14974257,417.46
2024-10-10,415.22,417.35,413.15,415.84,13848376,415.84
2024-10-11,416.14,417.13,413.25,416.32,14144943,416.32
2024-10-14,417.77,424.04,417.52,419.14,16652984,419.14
2024-10-15,422.18,422.48,415.26,418.74,18899531,418.74
2024-10-16,415.17,416.36,410.48,416.12,15508906,416.12
2024-10-17,422.36,422.5,415.59,416.72,14819797,416.72
2024-10-18,417.14,419.65,416.26,418.16,17144854,418.16
2024-10-21,416.12,418.96,413.75,418.78,14205836,418.78
2024-10-22,418.49,430.58,418.04,427.51,25482171,427.51
2024-10-23,430.86,431.08,422.53,424.6,19653979,424.6
2024-10-24,425.32,425.98,422.4,424.73,13581580,424.73
2024-10-25,426.76,432.52,426.56,428.15,16898804,428.15
2024-10-28,431.66,431.94,426.3,426.59,14882422,426.59
2024-10-29,428.0,433.17,425.8,431.95,17644004,431.95
2024-10-30,437.44,438.5,432.1,432.53,29748952,432.53
2024-10-31,415.36,416.16,406.3,406.35,53970873,406.35
2024-11-01,409.01,415.5,407.5,410.37,24230204,410.37
2024-11-04,409.8,410.42,405.57,408.46,19672120,408.46
2024-11-05,408.37,414.9,408.08,411.46,17625846,411.46
2024-11-06,412.42,420.45,410.52,420.18,26681733,420.18
2024-11-07,421.28,426.85,419.88,425.43,19901438,425.43
2024-11-08,425.32,426.5,421.78,422.54,16890911,422.54
2024-11-11,422.52,424.81,416.0,418.01,24502867,418.01
2024-11-12,418.25,424.44,417.2,423.03,19400939,423.03
2024-11-13,421.64,429.32,418.21,425.2,21502184,425.2
2024-11-14,425.0,428.17,420.0,426.89,30246881,426.89
2024-11-15,419.82,422.8,413.64,415.0,28246223,415.0
2024-11-18,414.87,418.4,412.1,415.76,24741132,415.76
2024-11-19,413.11,417.94,411.55,417.79,18133391,417.79
2024-11-20,416.87,417.29,410.58,415.49,19191317,415.49
2024-11-21,419.5,419.78,410.29,412.87,20780162,412.87
2024-11-22,411.36,417.4,411.06,417.0,24814556,417.0
2024-11-25,418.38,421.08,414.85,418.79,27690781,418.79
2024-11-26,419.58,429.04,418.85,427.99,23458820,427.99
2024-11-27,425.1,427.23,422.02,422.99,18332439,422.99
2024-11-29,420.09,424.88,417.8,423.46,15057555,423.46
2024-12-02,421.57,433.0,421.31,430.98,20207223,430.98
2024-12-03,429.84,432.47,427.74,431.2,18301986,431.2
2024-12-04,433.03,439.67,432.63,437.42,26009278,437.42
2024-12-05,437.92,444.66,436.17,442.62,21697561,442.62
2024-12-06,442.3,446.1,441.77,443.57,18820605,443.57
2024-12-09,442.6,448.33,440.5,446.02,19142465,446.02
2024-12-10,444.39,449.62,441.6,443.33,18468492,443.33
2024-12-11,444.05,450.35,444.05,448.99,19200198,448.99
2024-12-12,449.11,456.16,449.11,449.56,20834210,449.56
2024-12-13,448.44,451.43,445.58,447.27,20177006,447.27
2024-12-16,447.27,452.18,445.28,451.59,23598785,451.59
2024-12-17,451.01,455.29,449.57,454.46,22733324,454.46
2024-12-18,451.32,452.65,437.02,437.39,24443988,437.39
2024-12-19,441.62,443.18,436.32,437.03,22961034,437.03
2024-12-20,433.11,443.74,428.63,436.6,64263242,436.6
2024-12-23,436.74,437.65,432.83,435.25,19152417,435.25
2024-12-24,434.65,439.6,434.19,439.33,7062450,439.33
2024-12-26,439.08,440.94,436.63,438.11,8199927,438.11
2024-12-27,434.6,435.22,426.35,430.53,18117675,430.53
2024-12-30,426.06,427.55,421.9,424.83,13157905,424.83
2024-12-31,426.1,426.73,420.66,421.5,13246334,421.5
2025-01-02,425.53,426.07,414.85,418.58,16896350,418.58
2025-01-03,421.08,424.03,419.54,423.35,16662621,423.35
2025-01-06,428.0,434.32,425.48,427.85,20573648,427.85
2025-01-07,429.0,430.65,420.8,422.37,18139037,422.37
2025-01-08,423.46,426.97,421.54,424.56,15054344,424.56
2025-01-10,424.63,424.71,415.02,418.95,20201109,418.95
2025-01-13,415.24,418.5,412.29,417.19,17604419,417.19
2025-01-14,417.81,419.74,410.72,415.67,16935855,415.67
2025-01-15,419.13,428.15,418.26,426.31,19637620,426.31
2025-01-16,428.7,429.49,424.39,424.58,15299693,424.58
2025-01-17,434.08,434.48,428.17,429.03,26197173,429.03
2025-01-21,430.2,430.9,425.6,428.5,26085482,428.5
2025-01-22,437.56,447.27,436.0,446.2,27803805,446.2
2025-01-23,442.0,446.75,441.5,446.71,18389133,446.71
2025-01-24,445.16,446.65,441.4,444.06,15549132,444.06
2025-01-27,424.01,435.2,423.5,434.56,35647651,434.56
2025-01-28,434.6,448.38,431.38,447.2,23490994,447.2
2025-01-29,446.69,446.88,440.4,442.33,23581370,442.33
2025-01-30,418.77,422.86,413.16,414.99,54586190,414.99
2025-01-31,418.98,420.69,414.91,415.06,34222772,415.06
2025-02-03,411.6,415.41,408.66,410.92,25678942,410.92
2025-02-04,412.68,413.92,409.74,412.37,20532096,412.37
2025-02-05,412.35,413.83,410.4,413.29,16335939,413.29
2025-02-06,414.0,418.2,414.0,415.82,16309408,415.82
2025-02-07,416.48,418.65,408.1,409.75,22886837,409.75
2025-02-10,413.71,415.46,410.92,412.22,20817919,412.22
2025-02-11,409.64,412.49,409.3,411.44,18140518,411.44
2025-02-12,407.21,410.75,404.37,409.04,19121598,409.04
2025-02-13,407.0,411.0,406.36,410.54,23891464,410.54
2025-02-14,407.79,408.91,405.88,408.43,22758459,408.43
2025-02-18,408.0,410.6,406.5,409.64,21423051,409.64
2025-02-19,407.88,415.49,407.65,414.77,24113936,414.77
2025-02-20,415.29,419.31,412.54,416.13,23508644,416.13
2025-02-21,417.34,418.05,407.89,408.21,27524792,408.21
2025-02-24,408.51,409.37,399.32,404.0,26443588,404.0
2025-02-25,401.1,401.92,396.7,397.9,29387394,397.9
2025-02-26,398.01,403.6,394.24,399.73,19618664,399.73
2025-02-27,401.26,405.74,392.17,392.53,21127311,392.53
2025-02-28,392.66,397.63,386.57,396.99,32845493,396.99
2025-03-03,398.82,398.82,386.16,388.49,23007677,388.49
2025-03-04,383.4,392.58,381.0,388.61,29342885,388.61
2025-03-05,389.34,401.67,388.81,401.02,23433098,401.02
2025-03-06,394.28,402.15,392.68,396.89,23304264,396.89
2025-03-07,392.32,394.8,385.54,393.31,22034071,393.31
2025-03-10,385.84,386.4,377.22,380.16,32840132,380.16
2025-03-11,379.0,386.0,376.91,380.45,30378783,380.45
2025-03-12,382.95,385.22,378.95,383.27,24253222,383.27
2025-03-13,383.16,385.32,377.45,378.77,20472460,378.77
2025-03-14,379.78,390.23,379.51,388.56,19952801,388.56
2025-03-17,386.7,392.7,385.57,388.7,22473889,388.7
2025-03-18,387.07,387.37,381.1,383.52,19486173,383.52
2025-03-19,385.52,389.68,384.0,387.82,19185448,387.82
2025-03-20,385.74,391.78,383.28,386.84,18470371,386.84
2025-03-21,383.22,391.74,382.8,391.26,39675534,391.26
2025-03-24,395.4,395.4,389.81,393.08,21004500,393.08
2025-03-25,393.92,396.36,392.64,395.16,15774388,395.16
2025-03-26,395.0,395.31,388.57,389.97,16132480,389.97
2025-03-27,390.13,392.24,387.4,390.58,13766697,390.58
2025-03-28,388.08,389.13,376.93,378.8,21631265,378.8
2025-03-31,372.54,377.07,367.24,375.39,35184587,375.39
2025-04-01,374.65,382.85,373.23,382.19,19689467,382.19
2025-04-02,377.96,385.08,376.62,382.14,16092523,382.14
2025-04-03,374.78,377.48,369.35,373.11,30197196,373.11
2025-04-04,364.12,374.59,359.48,359.84,49209257,359.84
2025-04-07,350.88,371.0,344.79,357.86,50424868,357.86
2025-04-08,368.26,373.65,350.25,354.56,35868875,354.56
2025-04-09,353.54,393.22,353.1,390.49,50199297,390.49
2025-04-10,382.06,383.9,367.8,381.35,38024250,381.35
2025-04-11,380.64,390.05,378.89,388.45,23839158,388.45
2025-04-14,393.22,394.65,384.21,387.81,19251172,387.81
2025-04-15,388.5,391.89,384.16,385.73,17199672,385.73
2025-04-16,380.67,381.61,368.0,371.61,21967247,371.61
2025-04-17,373.74,374.32,366.89,367.78,21120192,367.78
2025-04-21,362.82,364.48,355.67,359.12,20807197,359.12
2025-04-22,363.38,367.77,359.86,366.82,19484981,366.82
2025-04-23,376.06,380.39,373.02,374.39,20545407,374.39
2025-04-24,375.7,388.45,375.19,387.3,22231883,387.3
2025-04-25,387.0,392.16,384.6,391.85,18973150,391.85
2025-04-28,391.96,392.74,386.64,391.16,16579188,391.16
2025-04-29,391.3,395.1,390.38,394.04,14973860,394.04
2025-04-30,390.3,396.66,384.44,395.26,36461075,395.26
2025-05-01,431.11,436.99,424.9,425.4,58937549,425.4
2025-05-02,431.74,439.44,429.98,435.28,30757300,435.28
2025-05-05,432.87,439.5,432.11,436.17,20136030,436.17
2025-05-06,432.2,437.73,431.17,433.31,15104184,433.31
2025-05-07,433.84,438.12,431.11,433.35,23306153,433.35
2025-05-08,437.93,443.67,435.66,438.17,23491076,438.17
2025-05-09,440.0,440.74,435.88,438.73,15324011,438.73
2025-05-12,445.94,449.37,439.78,449.26,22820829,449.26
2025-05-13,447.78,450.67,445.36,449.14,23618719,449.14
2025-05-14,448.14,453.9,448.14,452.94,19902614,452.94
2025-05-15,450.76,456.19,450.43,453.13,21992312,453.13
2025-05-16,452.05,454.36,448.73,454.27,23848959,454.27
2025-05-19,450.88,459.58,450.8,458.87,21336388,458.87
2025-05-20,455.59,458.34,454.32,458.17,15441659,458.17
2025-05-21,454.57,457.78,451.81,452.57,19216872,452.57
2025-05-22,454.95,460.25,453.9,454.86,18025449,454.86
2025-05-23,449.98,453.69,448.91,450.18,16883407,450.18
